,rev1_word_count,rev2_word_count,rev3_word_count,rev4_word_count,rev5_word_count,rev6_word_count,rev7_word_count,rev8_word_count,summ1_word_count,summ2_word_count,summ3_word_count,average_review_word_count,average_summary_word_count,compression_ratio
count,60.0,60.0,60.0,60.0,60.0,60.0,60.0,60.0,60.0,60.0,60.0,60.0,60.0,60.0
mean,49.483333333333334,49.38333333333333,49.733333333333334,49.06666666666667,48.96666666666667,50.983333333333334,48.5,50.18333333333333,52.96666666666667,53.166666666666664,57.483333333333334,49.5375,54.538888888888884,1.1017725639548281
std,6.904902867949643,6.420548755961878,7.839203234043161,6.804451849469684,8.142724040654938,7.567754221352743,6.549679769633456,7.321877286983832,11.05757914270457,10.626424796459167,15.20759362801368,2.527318955275514,6.918707864805286,0.13512458442750871
min,38.0,35.0,32.0,37.0,29.0,38.0,38.0,39.0,31.0,31.0,31.0,42.75,40.666666666666664,0.7993447993447993
25%,44.0,44.0,44.0,44.0,42.75,45.0,43.0,44.75,44.5,47.75,49.0,47.96875,50.166666666666664,1.0160661599792775
50%,48.0,49.0,49.0,49.0,47.0,49.5,48.0,50.0,54.0,54.0,53.5,49.375,54.33333333333333,1.0911718854853862
75%,54.25,55.0,55.25,53.25,56.25,57.0,53.25,55.25,58.25,57.0,67.0,51.1875,60.0,1.1842989332233158
max,62.0,64.0,65.0,64.0,65.0,66.0,64.0,65.0,89.0,93.0,98.0,54.75,69.33333333333333,1.4113655640373197
